
<workflow-app xmlns='uri:oozie:workflow:0.5'
	name='wf_oozie_${ENV}_${app}_${targetTable}_ingest'>
	<credentials>
		<credential name='hive_credentials' type='hive2'>
			<property>
				<name>hcat.metastore.uri</name>
				<value>${hcatServer}</value>
			</property>
			<property>
				<name>hive2.jdbc.url</name>
				<value>${hive2JDBC}</value>
			</property>
			<property>
				<name>hive2.server.principal</name>
				<value>${hive2Principal}</value>
			</property>
		</credential>
	</credentials>
	<start to='RunSparkJob' />


	<!-- Step 1 : run validations python script -->
	<action name="RunSparkJob">
		<shell xmlns="uri:oozie:shell-action:0.1">
			<job-tracker>${jobTracker}</job-tracker>
			<name-node>${nameNode}</name-node>
			<prepare>
				<delete path="${targetFilePath}" />
				<delete path="${lookupFilePath}" />
			</prepare>
			<configuration>

				<property>
					<name>oozie.launcher.mapred.job.queue.name</name>
					<value>launcher2</value>
				</property>
				<property>
					<name>mapred.job.queue.name</name>
					<value>default</value>
				</property>
				<property>
					<name>oozie.hive.defaults</name>
					<value>${hdfs_global_lib}/hive-site.xml</value>
				</property>

				<property>
					<name>oozie.launcher.mapred.map.child.env</name>
					<value>HADOOP_CREDSTORE_PASSWORD=none</value>
				</property>

				<property>
					<name>mapreduce.job.queuename</name>
					<value>${default_queuename}</value>
				</property>

			</configuration>
			<exec>python</exec>
			<argument>run_spark_submit.py</argument>
			<argument>--num-executors</argument>
			<argument>${num_executors}</argument>
			<argument>--executor-memory</argument>
			<argument>${executor_memory}</argument>
			<argument>--driver-memory</argument>
			<argument>${driver_memory}</argument>
			<argument>--criss-source</argument>
			<argument>${sourceFilePath}</argument>
			<argument>--criss-mapping</argument>
			<argument>${mappingFilePath}</argument>
			<argument>--target-dir</argument>
			<argument>${targetFilePath}</argument>
			<argument>--lookup-dir</argument>
			<argument>${lookupFilePath}</argument>
			<argument>--script</argument>
			<argument>criss_ifind_index_field_extractor.py</argument>
			<argument>--hadoop_user</argument>
			<argument>${oozie_user_name}</argument>
			<argument>--domain_name</argument>
			<argument>${domainName}</argument>
			<env-var>HADOOP_USER_NAME=${oozie_user_name}</env-var>
			<env-var>YARN_CONF_DIR=/etc/hadoop/conf</env-var>
			<file>run_spark_submit.py#run_spark_submit.py</file>
			<file>criss_ifind_index_field_extractor.py#criss_ifind_index_field_extractor.py
			</file>

		</shell>
		<ok to="RefreshPartitions" />
		<error to="kill" />
	</action>
	<action name='RefreshPartitions' cred="hive_credentials">
		<hive2 xmlns="uri:oozie:hive2-action:0.1">
			<job-tracker>${jobTracker}</job-tracker>
			<name-node>${nameNode}</name-node>
			<configuration>
				<property>
					<name>mapreduce.job.queuename</name>
					<value>${default_queuename}</value>
				</property>
			</configuration>

			<jdbc-url>${hive2JDBC}</jdbc-url>
			<script>criss_refresh_partitions.hql</script>
			<param>hv_db=${hv_db_efgifi}</param>
			<param>flat_table=${targetTable}</param>
			<param>lookup_table=${lookupTable}</param>
			<param>curr_date='${yesterday_yyyy_mm_dd}'</param>
			<param>default_queuename=${default_queuename}</param>
		</hive2>
		<ok to="end" />
		<error to="kill" />
	</action>

	<kill name="kill">
		<message>Spark job failed, error
			message[${wf:errorMessage(wf:lastErrorNode())}]</message>
	</kill>
	<end name='end' />

</workflow-app>
