<!-- Default values for the workflow job parameters -->
<configuration>
	<property>
		<name>partition_column</name>
		<value>   </value>
	</property>
	<property>
		<name>partition_column_select</name>
		<value>   </value>
	</property>
        <property>
		<name>columns_without_partition</name>
		<value>   </value>
	</property>
        <property>
		<name>columns_without_partition_raw</name>
		<value>   </value>
	</property>
       <property>
		<name>columns_without_partition_parquet</name>
		<value>   </value>
	</property>
        <property>
		<name>on_clause</name>
		<value>   </value>
	</property>
       <property>
		<name>null_clause_parquet</name>
		<value>   </value>
	</property>
       <property>
		<name>null_clause_raw</name>
		<value>   </value>
	</property>
	<property>
		<name>partition_clause</name>
		<value>    </value>
	</property>
	<property>
		<name>new_columns</name>
		<value>    </value>
	</property>
	<property>
		<name>map_column_java</name>
		<value>    </value>
	</property>
	<property>
		<name>teradata_sqoop_driver_arg</name>
		<value>--driver</value>
	</property>
	<property>
		<name>sqlserver_sqoop_driver_arg</name>
		<value>--driver</value>
	</property>

	<property>
		<name>oracle_sqoop_driver_arg</name>
		<value>    </value>
	</property>
	<property>
		<name>oracle_jdbc_driver</name>
		<value>   </value>
	</property>
	<property>
		<name>--map-column-java</name>
		<value>   </value>
	</property>
	<property>
		<name>schema</name>
		<value> </value>
	</property>
	<property>
		<name>default_queuename</name>
		<value>root.default</value>
	</property>
       <property>
              <name>is_mrd</name>
              <value>N</value>
       </property>
</configuration>
