<workflow-app xmlns='uri:oozie:workflow:0.5' name='sub_wf_oozie_${env}_${app}_${table}_ingest'>
        <credentials>
		<credential name='hive_credentials' type='hive2'>
			<property>
				<name>hcat.metastore.uri</name>
				<value>${hcatServer}</value>
			</property>
			<property>
				<name>hive2.jdbc.url</name>
				<value>${hive2JDBC}</value>
			</property>
			<property>
				<name>hive2.server.principal</name>
				<value>${hive2Principal}</value>
			</property>
		</credential>
        </credentials>
   <start to='HiveStgToFinalDecision' />
   
   <decision name="HiveStgToFinalDecision">
		<switch>
			<case to="HiveStgToFinalMF">
				${wf:conf("run_file_validation_stop") eq "yes"}
			</case>
			<default to="HiveStgToFinal" />
		</switch>
	</decision>

	<!--mf-HiveStgToFinal logic starts here -->
   <!-- Step 1 : Insert into final table using Hive -->
   <action name='HiveStgToFinalMF'  cred="hive_credentials" > 
       <hive2 xmlns="uri:oozie:hive2-action:0.1">
             <job-tracker>${jobTracker}</job-tracker>
	     <name-node>${nameNode}</name-node>
	     <configuration>
               <property>
                    <name>mapreduce.job.queuename</name>
                    <value>${default_queuename}</value>
               </property>
             </configuration>

             <jdbc-url>${hive2JDBC}</jdbc-url>
         <script>${hive_script}</script> 
         <param>hv_db_stage=${hv_db_stage}</param> 
         <param>hv_db=${hv_db}</param>
         <param>table=${table}</param>
         <param>hv_table=${hv_table}</param>
         <param>partition_clause=${partition_clause}</param>
         <param>columns_without_partition=${columns_without_partition}</param>
         <param>columns_without_partition_raw=${columns_without_partition_raw}</param>
         <param>columns_without_partition_parquet=${columns_without_partition_parquet}</param>
         <param>on_clause=${on_clause}</param>
         <param>null_clause_parquet=${null_clause_parquet}</param>
         <param>null_clause_raw=${null_clause_raw}</param>
         <param>partition_clause=${partition_clause}</param>
         <param>partition_column_select=${partition_column_select}</param>
         <param>hdfs_load_ts=${hdfs_load_ts}</param>
         <param>stage_table=${stage_table}</param> 
         <param>default_queuename=${default_queuename}</param>
      </hive2>
      <ok to="end" /> 
      <error to="email_failure" /> 
   </action>
   
   <!--regular-HiveStgToFinal logic starts here -->
   <!-- Step 2 : Run File Validations to Check Source and Final Table Counts -->
    <action name='HiveStgToFinal'  cred="hive_credentials" > 
       <hive2 xmlns="uri:oozie:hive2-action:0.1">
             <job-tracker>${jobTracker}</job-tracker>
	     <name-node>${nameNode}</name-node>
	     <configuration>
               <property>
                    <name>mapreduce.job.queuename</name>
                    <value>${default_queuename}</value>
               </property>
             </configuration>

             <jdbc-url>${hive2JDBC}</jdbc-url>
         <script>${hive_script}</script> 
         <param>hv_db_stage=${hv_db_stage}</param> 
         <param>hv_db=${hv_db}</param>
         <param>table=${table}</param>
         <param>hv_table=${hv_table}</param>
         <param>partition_clause=${partition_clause}</param>
         <param>columns_without_partition=${columns_without_partition}</param>
         <param>columns_without_partition_raw=${columns_without_partition_raw}</param>
         <param>columns_without_partition_parquet=${columns_without_partition_parquet}</param>
         <param>on_clause=${on_clause}</param>
         <param>null_clause_parquet=${null_clause_parquet}</param>
         <param>null_clause_raw=${null_clause_raw}</param>
         <param>partition_clause=${partition_clause}</param>
         <param>partition_column_select=${partition_column_select}</param>
         <param>hdfs_load_ts=${hdfs_load_ts}</param>
         <param>stage_table=${stage_table}</param> 
         <param>default_queuename=${default_queuename}</param>
      </hive2>
      <ok to="RunFileValidations" /> 
      <error to="email_failure" /> 
   </action>
   
    <action name="RunFileValidations">
      <shell xmlns="uri:oozie:shell-action:0.1">
          <job-tracker>${jobTracker}</job-tracker>
          <name-node>${nameNode}</name-node>
         <configuration>
               <property>
                    <name>oozie.launcher.mapred.map.child.env</name>
                    <value>HADOOP_CREDSTORE_PASSWORD=none</value>
                </property>
                 <property>
                    <name>mapreduce.job.credentials.binary</name>
                    <value>/user/${oozie_user_name}.keytab</value>
               </property>
               <property>
                    <name>mapreduce.job.queuename</name>
                    <value>${default_queuename}</value>
               </property>
         </configuration>
          <exec>python</exec>
          <argument>run_file_validations.py</argument>
          <argument>--table</argument>
          <argument>${table}</argument>
          <argument>--where</argument>
          <argument>${where}</argument>
          <argument>--where_hadoop</argument>
          <argument>${where_hadoop}</argument>
          <argument>--hv_db</argument>
          <argument>${hv_db}</argument>
          <argument>--hv_table</argument>
          <argument>${hv_table}</argument>
          <argument>--hadoop_user</argument>
          <argument>${oozie_user_name}</argument>
          <argument>--domain_name</argument>
          <argument>${domainName}</argument>
          <argument>--impala_connect</argument>
          <argument>${impalaConnect}</argument>
          <argument>--default_queuename</argument>
          <argument>${request_pool}</argument>
          <argument>--hdfs_meta_raw</argument>
          <argument>${hdfs_meta_raw}</argument>
          <argument>--hv_db_meta_stage</argument>
          <argument>${hv_db_meta_stage}</argument>
          <argument>--group</argument>
          <argument>${group}</argument>
          <argument>--hdfs_load_ts</argument>
          <argument>${hdfs_load_ts}</argument>
          <argument>--partition_column</argument>
          <argument>${partition_column}</argument>
          <env-var>PYTHON_EGG_CACHE=/tmp</env-var>
          <env-var>HADOOP_CLASSPATH=${HADOOP_CLASSPATH}</env-var>
          <file>run_file_validations.py#run_file_validations.py</file>
          <!--file>${user.name}.keytab</file-->
      </shell>
      <ok to="end" />
      <error to="email_failure" />
   </action>
   
    <!-- Send Failure Email -->
   <action name="email_failure">
      <email xmlns="uri:oozie:email-action:0.1">
         <to>${email_list}</to>
         <subject>${wf:name()} OozieJob Failed</subject>
         <body>>Details of Job - ${wf:id()} ${wf:name()}</body>
      </email>
      <ok to="fail"/>
      <error to="fail"/>
   </action>
   
   
    <kill name="fail">
       <message>Sqoop failed, error message[${wf:errorMessage(wf:lastErrorNode())}]</message>
    </kill>
    <end name='end' />
</workflow-app>


