<workflow-app xmlns="uri:oozie:workflow:0.4" name="CRISS_Index_Processing_Testing">
	<global>
		<job-tracker>${jobTracker}</job-tracker>
		<name-node>${nameNode}</name-node>
		<configuration>
			<property>
				<name>mapred.job.queue.name</name>
				<value>${default_queuename}</value>
			</property>
			<property>
				<name>oozie.use.system.libpath</name>
				<value>true</value>
			</property>
			<property>
				<name>mapreduce.job.acl-view-job</name>
				<value>*</value>
			</property>
		</configuration>
	</global>

	<credentials>
		<credential name='hive_credentials' type='hive2'>
			<property>
				<name>hcat.metastore.uri</name>
				<value>${hcatServer}</value>
			</property>
			<property>
				<name>hive2.jdbc.url</name>
				<value>${hive2JDBC}</value>
			</property>
			<property>
				<name>hive2.server.principal</name>
				<value>${hive2Principal}</value>
			</property>
		</credential>
	</credentials>

	<start to="EmployeeRelated" />

	<action name="EmployeeRelated" cred="hive_credentials">
		<hive2 xmlns="uri:oozie:hive2-action:0.1">
			<job-tracker>${jobTracker}</job-tracker>
			<name-node>${nameNode}</name-node>
			<jdbc-url>${hive2JDBC}</jdbc-url>
			<script>criss_2.hql</script>
			<param>hv_db_efgifi=${hv_db_efgifi}</param>
			<param>hv_db_efgifi_wrk=${hv_db_efgifi_wrk}</param>
			<param>hv_db_efgifi_stage=${hv_db_efgifi_stage}</param>
			<param>hv_db_etl=${hv_db_etl}</param>
			<param>load_date='${curDate_yyyy_mm_dd}'</param>
			<param>lastPreviousDayBusinessday_yyyy_mm_dd='${lastPreviousDayBusinessday_yyyy_mm_dd}'</param>
			<param>queuename=${default_queuename}</param>
		</hive2>
		<ok to="end" />
		<error to="email_failure" />
	</action>


	<action name="email_failure">
		<email xmlns="uri:oozie:email-action:0.1">
			<to>${email_list}</to>
			<subject>CIM Offers Processing OozieJob Failed</subject>
			<body>This is the body of the message</body>
		</email>
		<ok to="kill" />
		<error to="kill" />
	</action>

	<kill name="kill">
		<message>Workflow failed. Error message from last error node:
			[${wf:errorMessage(wf:lastErrorNode())}]</message>
	</kill>

	<end name="end" />

</workflow-app>
