<workflow-app xmlns="uri:oozie:workflow:0.5" name="TIC_Index_Processing">
	<global>
		<job-tracker>${jobTracker}</job-tracker>
		<name-node>${nameNode}</name-node>
		<configuration>
			<property>
				<name>mapred.job.queue.name</name>
				<value>${default_queuename}</value>
			</property>
			<property>
				<name>oozie.use.system.libpath</name>
				<value>true</value>
			</property>
			<property>
				<name>mapreduce.job.acl-view-job</name>
				<value>*</value>
			</property>
		</configuration>
	</global>

	<credentials>
		<credential name='hive_credentials' type='hive2'>
			<property>
				<name>hcat.metastore.uri</name>
				<value>${hcatServer}</value>
			</property>
			<property>
				<name>hive2.jdbc.url</name>
				<value>${hive2JDBC}</value>
			</property>
			<property>
				<name>hive2.server.principal</name>
				<value>${hive2Principal}</value>
			</property>
		</credential>
	</credentials>

	<start to="RunSparkJob" />

 	<action name="RunSparkJob">
         <shell xmlns="uri:oozie:shell-action:0.1">
                 <job-tracker>${jobTracker}</job-tracker>
                 <name-node>${nameNode}</name-node>
                 <configuration>
                         <property>
                             <name>oozie.launcher.mapred.job.queue.name</name>
                             <value>launcher2</value>
                         </property>
                         <property>
                              <name>mapred.job.queue.name</name>
                              <value>default</value>
                         </property>
                         <property>
                              <name>oozie.hive.defaults</name>
                              <value>${hdfs_global_lib}/hive-site.xml</value>
                         </property>
                         <property>
                              <name>oozie.launcher.mapred.map.child.env</name>
                              <value>HADOOP_CREDSTORE_PASSWORD=none</value>
                         </property>
                         <property>
                              <name>mapreduce.job.queuename</name>
                              <value>${default_queuename}</value>
                         </property>
                 </configuration>
                 <exec>python</exec>
                 <argument>run_spark_submit.py</argument>
                 <argument>--num-executors</argument>
                 <argument>${num_executors}</argument>
                 <argument>--executor-memory</argument>
                 <argument>${executor_memory}</argument>
                 <argument>--driver-memory</argument>
                 <argument>${driver_memory}</argument>
                 <argument>--hadoop_user</argument>
                 <argument>${oozie_user_name}</argument>
                 <argument>--domain_name</argument>
                 <argument>${domainName}</argument>
                 <argument>--env</argument>
                 <argument>${ENV}</argument>
                 <argument>--env_ver</argument>
                 <argument>${ENV_VER}</argument>
	 			 <argument>--load_date</argument>
	 			 <argument>${lastPreviousDayBusinessday_yyyy_mm_dd}</argument>
                 <file>run_spark_submit.py#run_spark_submit.py</file>
         </shell>
         <ok to="tic_memsession" />
         <error to="email_failure" />
 	</action>

 	<action name="tic_memsession" cred="hive_credentials">
		<hive2 xmlns="uri:oozie:hive2-action:0.1">
			<job-tracker>${jobTracker}</job-tracker>
			<name-node>${nameNode}</name-node>
			<jdbc-url>${hive2JDBC}</jdbc-url>
			<script>tic_memsession.hql</script>
			<param>hv_db_efgifi=${hv_db_efgifi}</param>
			<param>hv_db_efgifi_wrk=${hv_db_efgifi_wrk}</param>
			<param>hv_db_efgifi_stage=${hv_db_efgifi_stage}</param>
			<param>hv_db_bdw=${hv_db_bdw}</param>
			<param>hv_db_etl=${hv_db_etl}</param>
			<param>load_date='${curDate_yyyy_mm_dd}'</param>
			<param>lastPreviousDayBusinessday_yyyy_mm_dd='${lastPreviousDayBusinessday_yyyy_mm_dd}'</param>
			<param>queuename=${default_queuename}</param>
		</hive2>
		<ok to="EmployeeRelated" />
		<error to="email_failure" />
	</action>
 	
	<action name="EmployeeRelated" cred="hive_credentials">
		<hive2 xmlns="uri:oozie:hive2-action:0.1">
			<job-tracker>${jobTracker}</job-tracker>
			<name-node>${nameNode}</name-node>
			<jdbc-url>${hive2JDBC}</jdbc-url>
			<script>employeerelated.hql</script>
			<param>hv_db_efgifi=${hv_db_efgifi}</param>
			<param>hv_db_efgifi_wrk=${hv_db_efgifi_wrk}</param>
			<param>hv_db_efgifi_stage=${hv_db_efgifi_stage}</param>
			<param>hv_db_etl=${hv_db_etl}</param>
			<param>load_date='${curDate_yyyy_mm_dd}'</param>
			<param>lastPreviousDayBusinessday_yyyy_mm_dd='${lastPreviousDayBusinessday_yyyy_mm_dd}'</param>
			<param>queuename=${default_queuename}</param>
		</hive2>
		<ok to="GL_Integrated" />
		<error to="email_failure" />
	</action>

 	<action name="GL_Integrated" cred="hive_credentials">
		<hive2 xmlns="uri:oozie:hive2-action:0.1">
			<job-tracker>${jobTracker}</job-tracker>
			<name-node>${nameNode}</name-node>
			<jdbc-url>${hive2JDBC}</jdbc-url>
			<script>gl_integrated.hql</script>
			<param>hv_db_efgifi=${hv_db_efgifi}</param>
			<param>hv_db_efgifi_wrk=${hv_db_efgifi_wrk}</param>
			<param>hv_db_efgifi_stage=${hv_db_efgifi_stage}</param>
			<param>hv_db_bdw=${hv_db_bdw}</param>
			<param>hv_db_etl=${hv_db_etl}</param>
			<param>load_date='${curDate_yyyy_mm_dd}'</param>
			<param>lastPreviousDayBusinessday_yyyy_mm_dd='${lastPreviousDayBusinessday_yyyy_mm_dd}'</param>
			<param>queuename=${default_queuename}</param>
		</hive2>
		<ok to="tic_index_process_1" />
		<error to="email_failure" />
	</action>

	<action name="tic_index_process_1" cred="hive_credentials">
		<hive2 xmlns="uri:oozie:hive2-action:0.1">
			<job-tracker>${jobTracker}</job-tracker>
			<name-node>${nameNode}</name-node>
			<jdbc-url>${hive2JDBC}</jdbc-url>
			<script>tic_integrated_stg1.hql</script>
			<param>hv_db_efgifi=${hv_db_efgifi}</param>
			<param>hv_db_efgifi_wrk=${hv_db_efgifi_wrk}</param>
			<param>hv_db_efgifi_stage=${hv_db_efgifi_stage}</param>
			<param>hv_db_etl=${hv_db_etl}</param>
			<param>hv_db_bdw=${hv_db_bdw}</param>
			<param>load_date='${curDate_yyyy_mm_dd}'</param>
			<param>lastPreviousDayBusinessday_yyyy_mm_dd='${lastPreviousDayBusinessday_yyyy_mm_dd}'</param>
			<param>queuename=${default_queuename}</param>
		</hive2>
		<ok to="tic_index_process_2" />
		<error to="email_failure" />
	</action>


	<action name="tic_index_process_2" cred="hive_credentials">
		<hive2 xmlns="uri:oozie:hive2-action:0.1">
			<job-tracker>${jobTracker}</job-tracker>
			<name-node>${nameNode}</name-node>
			<jdbc-url>${hive2JDBC}</jdbc-url>
			<script>tic_integrated_stg2.hql</script>
			<param>hv_db_efgifi=${hv_db_efgifi}</param>
			<param>hv_db_efgifi_wrk=${hv_db_efgifi_wrk}</param>
			<param>hv_db_efgifi_stage=${hv_db_efgifi_stage}</param>
			<param>hv_db_etl=${hv_db_etl}</param>
			<param>hv_db_bdw=${hv_db_bdw}</param>
			<param>load_date='${curDate_yyyy_mm_dd}'</param>
			<param>lastPreviousDayBusinessday_yyyy_mm_dd='${lastPreviousDayBusinessday_yyyy_mm_dd}'</param>
			<param>queuename=${default_queuename}</param>
		</hive2>
		<ok to="tic_index_process_3" />
		<error to="email_failure" />
	</action>

	<action name="tic_index_process_3" cred="hive_credentials">
		<hive2 xmlns="uri:oozie:hive2-action:0.1">
			<job-tracker>${jobTracker}</job-tracker>
			<name-node>${nameNode}</name-node>
			<jdbc-url>${hive2JDBC}</jdbc-url>
			<script>tic_integrated.hql</script>
			<param>hv_db_efgifi=${hv_db_efgifi}</param>
			<param>hv_db_efgifi_wrk=${hv_db_efgifi_wrk}</param>
			<param>hv_db_efgifi_stage=${hv_db_efgifi_stage}</param>
			<param>hv_db_etl=${hv_db_etl}</param>
			<param>hv_db_bdw=${hv_db_bdw}</param>
			<param>load_date='${curDate_yyyy_mm_dd}'</param>
			<param>lastPreviousDayBusinessday_yyyy_mm_dd='${lastPreviousDayBusinessday_yyyy_mm_dd}'</param>
			<param>queuename=${default_queuename}</param>
		</hive2>
		<ok to="ImpalaRefresh" />
		<error to="email_failure" />
	</action>

	<action name="ImpalaRefresh">
		<shell xmlns="uri:oozie:shell-action:0.1">
			<job-tracker>${jobTracker}</job-tracker>
			<name-node>${nameNode}</name-node>
			<configuration>
				<property>
					<name>oozie.launcher.mapred.map.child.env</name>
					<value>HADOOP_CREDSTORE_PASSWORD=none</value>
				</property>
				<property>
					<name>mapreduce.job.credentials.binary</name>
					<value>/user/${oozie_user_name}.keytab</value>
				</property>
			</configuration>
			<exec>python</exec>
			<argument>impala_refresh.py</argument>
			<argument>--table</argument>
			<argument>tic_index</argument>
			<argument>--hv_db</argument>
			<argument>${hv_db_efgifi}</argument>
			<argument>--impala_connect</argument>
			<argument>${impalaConnect}</argument>
			<argument>--hadoop_user</argument>
			<argument>${oozie_user_name}</argument>
			<argument>--domain_name</argument>
			<argument>${domainName}</argument>
			<env-var>PYTHON_EGG_CACHE=/tmp</env-var>
			<env-var>HADOOP_CLASSPATH=${HADOOP_CLASSPATH}</env-var>
			<file>impala_refresh.py#impala_refresh.py</file>
			<!--file>${user.name}.keytab</file -->
		</shell>
		<ok to="end" />
		<error to="email_failure" />
	</action>

	<action name="email_failure">
		<email xmlns="uri:oozie:email-action:0.1">
			<to>${email_list}</to>
			<subject>CIM Offers Processing OozieJob Failed</subject>
			<body>This is the body of the message</body>
		</email>
		<ok to="kill" />
		<error to="kill" />
	</action>

	<kill name="kill">
		<message>Workflow failed. Error message from last error node:
			[${wf:errorMessage(wf:lastErrorNode())}]</message>
	</kill>

	<end name="end" />

</workflow-app>